Id,Tag
1,data
4,c#
4,winforms
4,type-conversion
4,decimal
4,opacity
6,html
6,css
6,css3
6,internet-explorer-7
8,c#
8,code-generation
8,j#
8,visualj#
9,c#
9,.net
9,datetime
11,c#
11,datetime
11,datediff
11,relative-time-span
13,javascript
13,html
13,browser
13,timezone
13,timezoneoffset
14,.net
14,math
16,c#
16,linq
16,web-services
16,.net-3.5
17,mysql
17,database
17,binary-data
17,data-storage
19,performance
19,algorithm
19,language-agnostic
19,unix
19,pi
23,php
24,mysql
24,database
24,triggers
25,c++
25,c
25,sockets
25,mainframe
25,zos
34,actionscript-3
34,flex
34,bytearray
36,sql
36,sql-server
36,datatable
36,rdbms
38,c#
38,vb.net
38,timer
39,c#
39,.net
39,vb.net
39,timer
40,c#
40,inversion-of-control
40,structuremap
40,alt.net
42,php
42,plugins
42,architecture
42,hook
48,html
48,form-submit
48,html-form
48,submit-button
59,c#
59,linq
59,.net-3.5
61,office-2007
61,file-type
66,linq
66,.net-3.5
72,ruby
72,rdoc
79,eclipse
79,svn
79,aptana
79,subclipse
80,flex
80,actionscript-3
80,air
85,php
85,sql
85,database
85,flat-file
88,linux
88,winapi
88,visual-c++
88,unix
88,timer
90,svn
90,tortoisesvn
90,branch
90,branching-and-merging
104,.net
104,performance
104,memory-leaks
104,com-interop
108,windows
108,svn
108,64bit
109,c#
109,sql
109,vb.net
109,ascii
109,hex
120,sql
120,asp.net
120,sitemap
123,java
123,xml
123,csv
123,data-conversion
126,java
126,php
126,oop
126,theory
129,mysql
129,sql-server
129,csv
129,sql-server-2005
129,bcp
134,.net
134,database
134,xsd
